case,seed,scale,index,delta_h,delta_v,h_T,v_T,tau
nominal,7,1.0,0,-0.00025588028844760044,0.0010228630250330279,0.4580895181813645,1.8950486622618574,0.4316381783147516
nominal,7,1.0,1,-0.0002260961647831047,-0.0006301368446623709,0.4584005259850768,1.893648384734991,0.431483988858266
nominal,7,1.0,2,-0.0009300181903227674,-0.0004266038948424074,0.45845220186578417,1.8910312197455432,0.43134499584492403
nominal,7,1.0,3,0.0011119173809863209,0.0008482933682518723,0.45794470460541525,1.9003342646108605,0.4319296012745193
nominal,7,1.0,4,0.0010368790788896664,0.0004978054553301827,0.45802147968940227,1.8997134447367943,0.43187856433916966
nominal,7,1.0,5,0.00039476963461375776,0.00037065332085679754,0.458129472162517,1.8970403264545765,0.4317214208353869
nominal,7,1.0,6,-0.0016660625253119433,0.0017105019375294743,0.4581401074339303,1.8900620789421825,0.4313869339954811
nominal,7,1.0,7,0.0005063848458947204,0.000997636076323888,0.4579953252351925,1.8980609932930697,0.43180762839246395
nominal,7,1.0,8,-0.0016913645518484225,-0.0034877762345512067,0.45913005165907816,1.8851872363490692,0.43087535481716094
nominal,7,1.0,9,-0.0008896153448069297,-0.0009363785514664692,0.45854395659131164,1.8907239681616768,0.4313045002446768
nominal,7,1.0,10,0.0003054459918324407,-9.182346102517071e-05,0.4582292600132424,1.8962597013522802,0.43165626019840636
nominal,7,1.0,11,0.000520974898420902,-0.0012844694997489877,0.4584286905046133,1.8960223495538049,0.43158878547706453
nominal,7,0.5,0,-0.00012794014422380022,0.0005114315125165139,0.4581704159775292,1.8950881669860349,0.43161724499920984
nominal,7,0.5,1,-0.00011304808239155235,-0.00031506842233118543,0.4583259481068339,1.8943880534438167,0.43154015169928367
nominal,7,0.5,2,-0.0004650090951613837,-0.0002133019474212037,0.45835193310373545,1.8930796815548123,0.43147066711954213
nominal,7,0.5,3,0.0005559586904931604,0.00042414668412593616,0.45809830013196007,1.897731263135234,0.43176297318396956
nominal,7,0.5,4,0.0005184395394448332,0.00024890272766509133,0.45813661635235725,1.8974208413862794,0.43173745404736724
nominal,7,0.5,5,0.00019738481730687888,0.00018532666042839877,0.45819043447861385,1.8960840634212157,0.431658869903135
nominal,7,0.5,6,-0.0008330312626559717,0.0008552509687647372,0.45819590544422295,1.8925954803148317,0.4314916571010218
nominal,7,0.5,7,0.0002531924229473602,0.000498818038161944,0.45812342131021133,1.8965943747509084,0.43170197243070774
nominal,7,0.5,8,-0.0008456822759242113,-0.0017438881172756034,0.4586918377620305,1.8901575229588539,0.43123583715398306
nominal,7,0.5,9,-0.00044480767240346486,-0.0004681892757332346,0.45839784925704896,1.8929259978507398,0.431450416039764
nominal,7,0.5,10,0.00015272299591622036,-4.5911730512585354e-05,0.4582403005716043,1.8956937436337917,0.4316262891748432
nominal,7,0.5,11,0.000260487449210451,-0.0006422347498744939,0.4583400025590782,1.8955750353565557,0.43159254998055585
nominal,7,0.25,0,-6.397007211190011e-05,0.00025571575625825697,0.4582108662777176,1.8951079449060504,0.43160677978882417
nominal,7,0.25,1,-5.652404119577618e-05,-0.00015753421116559272,0.4582886393995674,1.8947578944395398,0.43156823349590023
nominal,7,0.25,2,-0.00023250454758069186,-0.00010665097371060184,0.4583016686495014,1.8941037611288956,0.43153349418676673
nominal,7,0.25,3,0.0002779793452465802,0.00021207334206296808,0.45817488111145344,1.8964295667501536,0.4316796480588857
nominal,7,0.25,4,0.0002592197697224166,0.00012445136383254567,0.4581940213876617,1.8962743529199038,0.43166688832319455
nominal,7,0.25,5,9.869240865343944e-05,9.266333021419939e-05,0.4582208859069006,1.895605909208561,0.43162759315170074
nominal,7,0.25,6,-0.0004165156313279858,0.0004276254843823686,0.4582236596835617,1.8938617527258246,0.4315439943998941
nominal,7,0.25,7,0.0001265962114736801,0.000249409019080972,0.4581873943960062,1.895861059350294,0.4316491441027046
nominal,7,0.25,8,-0.00042284113796210563,-0.0008719440586378017,0.45847186592589606,1.8926426401185967,0.43141607684175365
nominal,7,0.25,9,-0.00022240383620173243,-0.0002340946378666173,0.45832463642638877,1.894026904804501,0.4315233678272855
nominal,7,0.25,10,7.636149795811018e-05,-2.2955865256292677e-05,0.4582458119947785,1.8954107475053474,0.43161130268507997
nominal,7,0.25,11,0.0001302437246052255,-0.00032111737493724694,0.4582956596735248,1.8953513852710855,0.4315944326294674
nominal,23,1.0,0,0.0021699867207380648,-0.002215957293936159,0.45839157756464183,1.901729677215625,0.43186979903615785
nominal,23,1.0,1,0.00032589852902934196,-0.0005226362520003154,0.4583087375458119,1.8959453530352974,0.431618940085723
nominal,23,1.0,2,-0.0008792737317600035,-0.0011476865054877374,0.4585828053685096,1.8905711160964687,0.43128627063609004
nominal,23,1.0,3,-0.0005189988677338094,-0.00019860360415772154,0.45835608157316743,1.8928781213587245,0.43145991836422004
nominal,23,1.0,4,0.0003865300173736704,0.0020264577917634054,0.45781459495747223,1.898529715870104,0.4318807838998479
nominal,23,1.0,5,0.00019939374488678292,0.0021673043687447818,0.4578121336937916,1.8979140814585025,0.4318523006542926
nominal,23,1.0,6,0.00041838593160240716,0.00013127600883792892,0.45817205898481483,1.8969143880404793,0.4317034436996007
nominal,23,1.0,7,-0.0002600355441139246,-0.0020259765064386853,0.45867054787015615,1.892231464008716,0.431340507577504
nominal,23,1.0,8,-0.001622783526783289,-0.0002581798184721889,0.4585086187197057,1.8884252882293635,0.4312050483845614
nominal,23,1.0,9,-0.00021779878046596633,0.0005333596410620472,0.45817785915159204,1.8947504294005326,0.43159911185374233
nominal,23,1.0,10,0.000275411380319754,-0.0026100373026060443,0.4587129180793509,1.8938277013291431,0.4314044439623433
nominal,23,1.0,11,-0.0007617561033214944,-0.0023324842513856173,0.45879298701142013,1.8899515797170803,0.43119750777641697
nominal,23,0.5,0,0.0010849933603690324,-0.0011079786469680795,0.4583217755226142,1.898429676622785,0.4317331121137847
nominal,23,0.5,1,0.00016294926451467098,-0.0002613181260001577,0.4582800310623415,1.8955365607198302,0.4316076286226656
nominal,23,0.5,2,-0.00043963686588000174,-0.0005738432527438687,0.4584172930351385,1.8928495431690537,0.4314412996130286
nominal,23,0.5,3,-0.0002594994338669047,-9.930180207886077e-05,0.4583037513710317,1.8940029945017127,0.4315281205719815
nominal,23,0.5,4,0.0001932650086868352,0.0010132288958817027,0.45803310477644166,1.8968285491300843,0.4317385395994331
nominal,23,0.5,5,9.969687244339146e-05,0.0010836521843723909,0.4580318311424176,1.896520678312731,0.4317242949405498
nominal,23,0.5,6,0.00020919296580120358,6.563800441896446e-05,0.4582117206575176,1.8960211059903036,0.4316498820021428
nominal,23,0.5,7,-0.0001300177720569623,-0.0010129882532193427,0.4584610440236574,1.8936794055017423,0.43146840043601575
nominal,23,0.5,8,-0.0008113917633916445,-0.00012908990923609444,0.45838041515823036,1.8917771613440146,0.43140071862139684
nominal,23,0.5,9,-0.00010889939023298316,0.0002666798205310236,0.4582145881058929,1.8949390831846413,0.43159771361655147
nominal,23,0.5,10,0.000137705690159877,-0.0013050186513030222,0.4584821453403677,1.8944774018114001,0.4315003616995332
nominal,23,0.5,11,-0.0003808780516607472,-0.0011662421256928087,0.45852247812199287,1.892539510337586,0.43139690319611684
nominal,23,0.25,0,0.0005424966801845162,-0.0005539893234840398,0.4582866285971388,1.8967789504640116,0.43166472754588425
nominal,23,0.25,1,8.147463225733549e-05,-0.00013065906300007885,0.45826567517102623,1.8953321538592822,0.4316019722850199
nominal,23,0.25,2,-0.00021981843294000087,-0.00028692162637193434,0.4583343631643999,1.8939886703038795,0.4315188092084484
nominal,23,0.25,3,-0.00012974971693345235,-4.9650901039430385e-05,0.4582775473968358,1.8945653831517388,0.4315622189619949
nominal,23,0.25,4,9.66325043434176e-05,0.0005066144479408514,0.4581422482695021,1.8959780998063993,0.4316674250404775
nominal,23,0.25,5,4.984843622169573e-05,0.0005418260921861954,0.45814160070072896,1.895824150997232,0.4316603019521453
nominal,23,0.25,6,0.00010459648290060179,3.281900220948223e-05,0.4582315271885165,1.8955744334376752,0.43162309936796023
nominal,23,0.25,7,-6.500888602848115e-05,-0.0005064941266096713,0.45835620861143256,1.8944035235776084,0.43153235520876204
nominal,23,0.25,8,-0.0004056958816958222,-6.454495461804722e-05,0.45831597803206936,1.8934526123297044,0.4314985262411377
nominal,23,0.25,9,-5.444969511649158e-05,0.0001333399102655118,0.4582329527528355,1.8950334111618194,0.4315970145594083
nominal,23,0.25,10,6.88528450799385e-05,-0.0006525093256515111,0.45836673832253405,1.894802491130971,0.43154833410751214
nominal,23,0.25,11,-0.0001904390258303736,-0.0005831210628464043,0.4583869792952858,1.8938335877469143,0.4314966072543117
nominal,101,1.0,0,-0.0005744671730602266,-0.0006425063866153,0.4584476827758168,1.8922493864118484,0.43140420100252325
nominal,101,1.0,1,0.0022162220245147317,-0.0009834284993530751,0.4581498137515281,1.9030453719164224,0.4320001488909808
nominal,101,1.0,2,-0.0014445049905780474,0.0006051284964221833,0.4583218748989225,1.889929039852524,0.4313293205713932
nominal,101,1.0,3,0.0001565176789378861,0.0013809837488287667,0.45796773992546314,1.8970202931355042,0.4317660595840167
nominal,101,1.0,4,-0.0003680628444864771,0.0029816691459756328,0.4577306709927613,1.896403154954025,0.43180362953170265
nominal,101,1.0,5,0.0006235233388976172,0.005176662212036928,0.4571814760447835,1.9023724196248213,0.43224112296944445
nominal,101,1.0,6,0.0005924158040271845,0.0005607752453717935,0.4580674814619643,1.8980019766274043,0.4317844941003342
nominal,101,1.0,7,0.0014538514288378128,0.0018162912784177902,0.45771471526238316,1.902585122645336,0.43210092624691754
nominal,101,1.0,8,-0.0007550845995850984,0.0016804309611846617,0.45802877332287245,1.893664605478481,0.43158958830260663
nominal,101,1.0,9,-0.0006548733155877977,0.0025299797495304736,0.4578539910374351,1.8948451135359035,0.4316949313249251
nominal,101,1.0,10,-0.0005625617356651794,0.0007761139160847506,0.4581761358490929,1.8936002587087062,0.4315449739405127
nominal,101,1.0,11,-0.0007711253575428706,0.000723905757973337,0.4582129385492705,1.892721399013862,0.4314928374459305
nominal,101,0.5,0,-0.0002872335865301133,-0.00032125319330765,0.45834959127372354,1.893688620491236,0.4315002615209304
nominal,101,0.5,1,0.0011081110122573659,-0.0004917142496765376,0.45820112594497897,1.8990877470267664,0.43179829967306743
nominal,101,0.5,2,-0.0007222524952890237,0.00030256424821109167,0.4582868393662377,1.8925288990245068,0.4314628468922344
nominal,101,0.5,3,7.825883946894304e-05,0.0006904918744143833,0.45810957671796537,1.8960739238246196,0.43168118231533303
nominal,101,0.5,4,-0.00018403142224323856,0.0014908345729878164,0.4579910208584932,1.895765041823221,0.4316999495685588
nominal,101,0.5,5,0.0003117616694488086,0.002588331106018464,0.4577170972231944,1.8987487870441904,0.43191864604876
nominal,101,0.5,6,0.00029620790201359223,0.00028038762268589677,0.45815948906973447,1.8965649261017734,0.4316904086646235
nominal,101,0.5,7,0.0007269257144189064,0.0009081456392088951,0.4579836340609458,1.898856762127587,0.43184863963296827
nominal,101,0.5,8,-0.0003775422997925492,0.0008402154805923309,0.4581400474508366,1.8943961841487216,0.4315929525729525
nominal,101,0.5,9,-0.00032743665779389885,0.0012649898747652368,0.458052641911024,1.8949862257548966,0.43164561205429314
nominal,101,0.5,10,-0.0002812808678325897,0.0003880569580423753,0.45821374135059556,1.894364051837795,0.4315706477179878
nominal,101,0.5,11,-0.0003855626787714353,0.0003619528789866685,0.45823217304193387,1.8939246963334548,0.431544583680861
nominal,101,0.25,0,-0.00014361679326505664,-0.000160626596653825,0.4583004771731024,1.8944081945123088,0.4315482893439226
nominal,101,0.25,1,0.0005540555061286829,-0.0002458571248382688,0.45822636193926464,1.8971080414779242,0.43169732448624154
nominal,101,0.25,2,-0.00036112624764451186,0.00015128212410554583,0.45826913919248735,1.893828446665755,0.43152958842253025
nominal,101,0.25,3,3.912941973447152e-05,0.0003452459372071917,0.4581804591120143,1.8956008086737874,0.4316387476171454
nominal,101,0.25,4,-9.201571112161928e-05,0.0007454172864939082,0.45812117582410766,1.8954462894627984,0.4316481268145879
nominal,101,0.25,5,0.0001558808347244043,0.001294165553009232,0.45798438231231553,1.8969379402156343,0.43175746249054486
nominal,101,0.25,6,0.00014810395100679611,0.00014019381134294838,0.45820542568993083,1.8958463499499676,0.43164336306484546
nominal,101,0.25,7,0.0003634628572094532,0.00045407281960444754,0.45811763024395546,1.8969923337572416,0.4317224822750552
nominal,101,0.25,8,-0.0001887711498962746,0.00042010774029616543,0.45819568298997154,1.894761964874257,0.4315946342205512
nominal,101,0.25,9,-0.00016371832889694942,0.0006324949373826184,0.45815197661946944,1.8950569325858397,0.4316209609545671
nominal,101,0.25,10,-0.00014064043391629486,0.00019402847902118766,0.4582325330981857,1.8947459089852874,0.43158348237447636
nominal,101,0.25,11,-0.00019278133938571766,0.00018097643949333426,0.4582417565261183,1.894526249812399,0.4315704514080866
elastic,7,1.0,0,-0.00025588028844760044,0.0010228630250330279,0.6073708160318969,2.7817181955103933,0.4316381783147516
elastic,7,1.0,1,-0.0002260961647831047,-0.0006301368446623709,0.6078232709024831,2.780345998243841,0.431483988858266
elastic,7,1.0,2,-0.0009300181903227674,-0.0004266038948424074,0.6079453332427855,2.7774154223722523,0.43134499584492403
elastic,7,1.0,3,0.0011119173809863209,0.0008482933682518723,0.6070695725169127,2.787610483637817,0.4319296012745193
elastic,7,1.0,4,0.0010368790788896664,0.0004978054553301827,0.6071865816157707,2.786959626879179,0.43187856433916966
elastic,7,1.0,5,0.00039476963461375776,0.00037065332085679754,0.6073863955553379,2.7840036234694345,0.4317214208353869
elastic,7,1.0,6,-0.0016660625253119433,0.0017105019375294743,0.6075378706335663,2.7761011430538103,0.4313869339954811
elastic,7,1.0,7,0.0005063848458947204,0.000997636076323888,0.6071831428733594,2.785068032983819,0.43180762839246395
elastic,7,1.0,8,-0.0016913645518484225,-0.0034877762345512067,0.608987171875929,2.7712622377472487,0.43087535481716094
elastic,7,1.0,9,-0.0008896153448069297,-0.0009363785514664692,0.608076778709867,2.7771306733520253,0.4313045002446768
elastic,7,1.0,10,0.0003054459918324407,-9.182346102517071e-05,0.6075380275796896,2.783187648553758,0.43165626019840636
elastic,7,1.0,11,0.000520974898420902,-0.0012844694997489877,0.6078151790941735,2.783056440559755,0.43158878547706453
elastic,7,0.5,0,-0.00012794014422380022,0.0005114315125165139,0.6074805823346674,2.7818189153719812,0.43161724499920984
elastic,7,0.5,1,-0.00011304808239155235,-0.00031506842233118543,0.6077068411337921,2.7811328447622774,0.43154015169928367
elastic,7,0.5,2,-0.0004650090951613837,-0.0002133019474212037,0.6077680357001076,2.779667790832838,0.43147066711954213
elastic,7,0.5,3,0.0005559586904931604,0.00042414668412593616,0.6073302838465147,2.784765387185357,0.43176297318396956
elastic,7,0.5,4,0.0005184395394448332,0.00024890272766509133,0.6073887091497253,2.7844399456816804,0.43173745404736724
elastic,7,0.5,5,0.00019738481730687888,0.00018532666042839877,0.6074884182191749,2.7829617008390812,0.431658869903135
elastic,7,0.5,6,-0.0008330312626559717,0.0008552509687647372,0.6075643261248473,2.779011061353283,0.4314916571010218
elastic,7,0.5,7,0.0002531924229473602,0.000498818038161944,0.6073868588729188,2.7834938810523244,0.43170197243070774
elastic,7,0.5,8,-0.0008456822759242113,-0.0017438881172756034,0.6082900436407327,2.7765910130784235,0.43123583715398306
elastic,7,0.5,9,-0.00044480767240346486,-0.0004681892757332346,0.6078338015342593,2.779525351975903,0.431450416039764
elastic,7,0.5,10,0.00015272299591622036,-4.5911730512585354e-05,0.6075642033064927,2.782553705340937,0.4316262891748432
elastic,7,0.5,11,0.000260487449210451,-0.0006422347498744939,0.6077027643323885,2.782488065368381,0.43159254998055585
elastic,7,0.25,0,-6.397007211190011e-05,0.00025571575625825697,0.6075354670439481,2.7818693037004714,0.43160677978882417
elastic,7,0.25,1,-5.652404119577618e-05,-0.00015753421116559272,0.607648604284841,2.7815262754007293,0.43156823349590023
elastic,7,0.25,2,-0.00023250454758069186,-0.00010665097371060184,0.6076792424029801,2.7807938069180738,0.43153349418676673
elastic,7,0.25,3,0.0002779793452465802,0.00021207334206296808,0.60746039864045,2.783342621573275,0.4316796480588857
elastic,7,0.25,4,0.0002592197697224166,0.00012445136383254567,0.6074895914765106,2.783179897537245,0.43166688832319455
elastic,7,0.25,5,9.869240865343944e-05,9.266333021419939e-05,0.6075393965180248,2.782440714306155,0.43162759315170074
elastic,7,0.25,6,-0.0004165156313279858,0.0004276254843823686,0.6075773930195907,2.7804655446415403,0.4315439943998941
elastic,7,0.25,7,0.0001265962114736801,0.000249409019080972,0.6074886335930155,2.782706798275984,0.4316491441027046
elastic,7,0.25,8,-0.00042284113796210563,-0.0008719440586378017,0.6079405185369006,2.7792553716938446,0.43141607684175365
elastic,7,0.25,9,-0.00022240383620173243,-0.0002340946378666173,0.6077121360980899,2.7807225714092088,0.4315233678272855
elastic,7,0.25,10,7.636149795811018e-05,-2.2955865256292677e-05,0.6075772813298865,2.782236714546525,0.43161130268507997
elastic,7,0.25,11,0.0001302437246052255,-0.00032111737493724694,0.6076465581595117,2.782203885565088,0.4315944326294674
elastic,23,1.0,0,0.0021699867207380648,-0.002215957293936159,0.6076528181446714,2.789501414383354,0.43186979903615785
elastic,23,1.0,1,0.00032589852902934196,-0.0005226362520003154,0.60765278429781,2.7828862407338857,0.431618940085723
elastic,23,1.0,2,-0.0008792737317600035,-0.0011476865054877374,0.6081328821466832,2.776984316385575,0.43128627063609004
elastic,23,1.0,3,-0.0005189988677338094,-0.00019860360415772154,0.6077776640846558,2.7794422019101557,0.43145991836422004
elastic,23,1.0,4,0.0003865300173736704,0.0020264577917634054,0.6069270605424767,2.785474522323253,0.4318807838998479
elastic,23,1.0,5,0.00019939374488678292,0.0021673043687447818,0.6069357289524202,2.7847748344684753,0.4318523006542926
elastic,23,1.0,6,0.00041838593160240716,0.00013127600883792892,0.6074470487012492,2.783890289377328,0.4317034436996007
elastic,23,1.0,7,-0.0002600355441139246,-0.0020259765064386853,0.6082201222388376,2.778926735177066,0.431340507577504
elastic,23,1.0,8,-0.001622783526783289,-0.0002581798184721889,0.608073764290547,2.774501229123567,0.4312050483845614
elastic,23,1.0,9,-0.00021779878046596633,0.0005333596410620472,0.6074973749457498,2.7814412149293624,0.43159911185374233
elastic,23,1.0,10,0.000275411380319754,-0.0026100373026060443,0.6082466435327503,2.7807652278437818,0.4314044439623433
elastic,23,1.0,11,-0.0007617561033214944,-0.0023324842513856173,0.6084323463075948,2.7764275868246875,0.43119750777641697
elastic,23,0.5,0,0.0010849933603690324,-0.0011079786469680795,0.6076219498948837,2.785711638319424,0.4317331121137847
elastic,23,0.5,1,0.00016294926451467098,-0.0002613181260001577,0.6076215724705,2.7824029917027,0.4316076286226656
elastic,23,0.5,2,-0.00043963686588000174,-0.0005738432527438687,0.6078618747965456,2.7794521416603644,0.4314412996130286
elastic,23,0.5,3,-0.0002594994338669047,-9.930180207886077e-05,0.607684066025048,2.7806810274243556,0.4315281205719815
elastic,23,0.5,4,0.0001932650086868352,0.0010132288958817027,0.6072588717131333,2.7836969180449955,0.4317385395994331
elastic,23,0.5,5,9.969687244339146e-05,0.0010836521843723909,0.6072631581379009,2.783347014549215,0.4317242949405498
elastic,23,0.5,6,0.00020919296580120358,6.563800441896446e-05,0.6075187367563025,2.782905046877624,0.4316498820021428
elastic,23,0.5,7,-0.0001300177720569623,-0.0010129882532193427,0.6079053612178402,2.780423004807849,0.43146840043601575
elastic,23,0.5,8,-0.0008113917633916445,-0.00012908990923609444,0.6078325552545819,2.778211189261042,0.43140071862139684
elastic,23,0.5,9,-0.00010889939023298316,0.0002666798205310236,0.607543863617427,2.781680461336209,0.43159771361655147
elastic,23,0.5,10,0.000137705690159877,-0.0013050186513030222,0.6079185287671444,2.7813421151961446,0.4315003616995332
elastic,23,0.5,11,-0.0003808780516607472,-0.0011662421256928087,0.6080117116163338,2.7791734828335057,0.43139690319611684
elastic,23,0.25,0,0.0005424966801845162,-0.0005539893234840398,0.6076062425428104,2.7838159437737335,0.43166472754588425
elastic,23,0.25,1,8.147463225733549e-05,-0.00013065906300007885,0.6076059636128672,2.7821613552950915,0.4316019722850199
elastic,23,0.25,2,-0.00021981843294000087,-0.00028692162637193434,0.6077261781169735,2.7806859582961296,0.4315188092084484
elastic,23,0.25,3,-0.00012974971693345235,-4.9650901039430385e-05,0.6076372238028794,2.7813003869353805,0.4315622189619949
elastic,23,0.25,4,9.66325043434176e-05,0.0005066144479408514,0.6074246535024348,2.782808264846228,0.4316674250404775
elastic,23,0.25,5,4.984843622169573e-05,0.0005418260921861954,0.6074267847684173,2.7826332982089035,0.4316603019521453
elastic,23,0.25,6,0.00010459648290060179,3.281900220948223e-05,0.6075545537778821,2.7824123905971714,0.43162309936796023
elastic,23,0.25,7,-6.500888602848115e-05,-0.0005064941266096713,0.6077478879418132,2.7811713033225214,0.43153235520876204
elastic,23,0.25,8,-0.0004056958816958222,-6.454495461804722e-05,0.6077115781305732,2.7800656298057396,0.4314985262411377
elastic,23,0.25,9,-5.444969511649158e-05,0.0001333399102655118,0.6075671081419235,2.781800085745325,0.4315970145594083
elastic,23,0.25,10,6.88528450799385e-05,-0.0006525093256515111,0.6077544484417391,2.78163082451504,0.43154833410751214
elastic,23,0.25,11,-0.0001904390258303736,-0.0005831210628464043,0.6078011227351551,2.7805465553924433,0.4314966072543117
elastic,101,1.0,0,-0.0005744671730602266,-0.0006425063866153,0.6079151998625775,2.778792930056122,0.43140420100252325
elastic,101,1.0,1,0.0022162220245147317,-0.0009834284993530751,0.6072968858433753,2.7908263497403976,0.4320001488909808
elastic,101,1.0,2,-0.0014445049905780474,0.0006051284964221833,0.6077889085424388,2.776076141114313,0.4313293205713932
elastic,101,1.0,3,0.0001565176789378861,0.0013809837488287667,0.6071658101473774,2.783869105289579,0.4317660595840167
elastic,101,1.0,4,-0.0003680628444864771,0.0029816691459756328,0.6068539745871683,2.7830055422660305,0.43180362953170265
elastic,101,1.0,5,0.0006235233388976172,0.005176662212036928,0.605987248864635,2.789394170448464,0.43224112296944445
elastic,101,1.0,6,0.0005924158040271845,0.0005607752453717935,0.6072828815187103,2.785050999003186,0.4317844941003342
elastic,101,1.0,7,0.0014538514288378128,0.0018162912784177902,0.606711502936438,2.790003881686104,0.43210092624691754
elastic,101,1.0,8,-0.0007550845995850984,0.0016804309611846617,0.6073149510279554,2.780107291535958,0.43158958830260663
elastic,101,1.0,9,-0.0006548733155877977,0.0025299797495304736,0.6070529773155802,2.7813245728455005,0.4316949313249251
elastic,101,1.0,10,-0.0005625617356651794,0.0007761139160847506,0.6075175835418826,2.7801362747967753,0.4315449739405127
elastic,101,1.0,11,-0.0007711253575428706,0.000723905757973337,0.607585129710607,2.7791655649311826,0.4314928374459305
elastic,101,0.5,0,-0.0002872335865301133,-0.00032125319330765,0.6077528775821945,2.780356384233963,0.4315002615209304
elastic,101,0.5,1,0.0011081110122573659,-0.0004917142496765376,0.607444241887482,2.78637435383526,0.43179829967306743
elastic,101,0.5,2,-0.0007222524952890237,0.00030256424821109167,0.6076899008454154,2.778998491777428,0.4314628468922344
elastic,101,0.5,3,7.825883946894304e-05,0.0006904918744143833,0.6073781348017263,2.7828943051524204,0.43168118231533303
elastic,101,0.5,4,-0.00018403142224323856,0.0014908345729878164,0.6072221932514869,2.7824621759621353,0.4316999495685588
elastic,101,0.5,5,0.0003117616694488086,0.002588331106018464,0.606789579099876,2.785655504370654,0.43191864604876
elastic,101,0.5,6,0.00029620790201359223,0.00028038762268589677,0.6074367166913022,2.783485430377228,0.4316904086646235
elastic,101,0.5,7,0.0007269257144189064,0.0009081456392088951,0.6071516141679459,2.7859621639596286,0.43184863963296827
elastic,101,0.5,8,-0.0003775422997925492,0.0008402154805923309,0.607452654168867,2.781013514000736,0.4315929525729525
elastic,101,0.5,9,-0.00032743665779389885,0.0012649898747652368,0.6073216513159083,2.7816219186304663,0.43164561205429314
elastic,101,0.5,10,-0.0002812808678325897,0.0003880569580423753,0.6075539844665514,2.781028051268878,0.4315706477179878
elastic,101,0.5,11,-0.0003855626787714353,0.0003619528789866685,0.6075877912634131,2.7805427789395063,0.431544583680861
elastic,101,0.25,0,-0.00014361679326505664,-0.000160626596653825,0.6076716404980311,2.7811380635244154,0.4315482893439226
elastic,101,0.25,1,0.0005540555061286829,-0.0002458571248382688,0.6075174531290468,2.784147363544898,0.43169732448624154
elastic,101,0.25,2,-0.00036112624764451186,0.00015128212410554583,0.607640194322006,2.7804592427259376,0.43152958842253025
elastic,101,0.25,3,3.912941973447152e-05,0.0003452459372071917,0.6074842571264539,2.782406982311185,0.4316387476171454
elastic,101,0.25,4,-9.201571112161928e-05,0.0007454172864939082,0.6074062803978113,2.782190830815721,0.4316481268145879
elastic,101,0.25,5,0.0001558808347244043,0.001294165553009232,0.6071901603285139,2.783787248511482,0.43175746249054486
elastic,101,0.25,6,0.00014810395100679611,0.00014019381134294838,0.607513559629055,2.782702589520926,0.43164336306484546
elastic,101,0.25,7,0.0003634628572094532,0.00045407281960444754,0.6073711550989536,2.7839410294169786,0.4317224822750552
elastic,101,0.25,8,-0.0001887711498962746,0.00042010774029616543,0.6075215040450481,2.781466615666919,0.4315946342205512
elastic,101,0.25,9,-0.00016371832889694942,0.0006324949373826184,0.6074559986179069,2.7817707589912235,0.4316209609545671
elastic,101,0.25,10,-0.00014064043391629486,0.00019402847902118766,0.607572172703151,2.7814738957082055,0.43158348237447636
elastic,101,0.25,11,-0.00019278133938571766,0.00018097643949333426,0.6075890845263192,2.781231280187166,0.4315704514080866
translated_guard,7,1.0,0,-0.00025588028844760044,0.0010228630250330279,0.7080895181813645,1.8950486622618574,0.4316381783147516
translated_guard,7,1.0,1,-0.0002260961647831047,-0.0006301368446623709,0.7084005259850767,1.893648384734991,0.431483988858266
translated_guard,7,1.0,2,-0.0009300181903227674,-0.0004266038948424074,0.7084522018657842,1.8910312197455432,0.43134499584492403
translated_guard,7,1.0,3,0.0011119173809863209,0.0008482933682518723,0.7079447046054153,1.9003342646108605,0.4319296012745193
translated_guard,7,1.0,4,0.0010368790788896664,0.0004978054553301827,0.7080214796894022,1.8997134447367943,0.43187856433916966
translated_guard,7,1.0,5,0.00039476963461375776,0.00037065332085679754,0.708129472162517,1.8970403264545765,0.4317214208353869
translated_guard,7,1.0,6,-0.0016660625253119433,0.0017105019375294743,0.7081401074339303,1.8900620789421825,0.4313869339954811
translated_guard,7,1.0,7,0.0005063848458947204,0.000997636076323888,0.7079953252351925,1.8980609932930697,0.43180762839246395
translated_guard,7,1.0,8,-0.0016913645518484225,-0.0034877762345512067,0.7091300516590782,1.8851872363490692,0.43087535481716094
translated_guard,7,1.0,9,-0.0008896153448069297,-0.0009363785514664692,0.7085439565913116,1.8907239681616768,0.4313045002446768
translated_guard,7,1.0,10,0.0003054459918324407,-9.182346102517071e-05,0.7082292600132424,1.8962597013522802,0.43165626019840636
translated_guard,7,1.0,11,0.000520974898420902,-0.0012844694997489877,0.7084286905046133,1.8960223495538049,0.43158878547706453
translated_guard,7,0.5,0,-0.00012794014422380022,0.0005114315125165139,0.7081704159775293,1.8950881669860349,0.43161724499920984
translated_guard,7,0.5,1,-0.00011304808239155235,-0.00031506842233118543,0.7083259481068339,1.8943880534438167,0.43154015169928367
translated_guard,7,0.5,2,-0.0004650090951613837,-0.0002133019474212037,0.7083519331037355,1.8930796815548123,0.43147066711954213
translated_guard,7,0.5,3,0.0005559586904931604,0.00042414668412593616,0.7080983001319601,1.897731263135234,0.43176297318396956
translated_guard,7,0.5,4,0.0005184395394448332,0.00024890272766509133,0.7081366163523573,1.8974208413862794,0.43173745404736724
translated_guard,7,0.5,5,0.00019738481730687888,0.00018532666042839877,0.7081904344786139,1.8960840634212157,0.431658869903135
translated_guard,7,0.5,6,-0.0008330312626559717,0.0008552509687647372,0.708195905444223,1.8925954803148317,0.4314916571010218
translated_guard,7,0.5,7,0.0002531924229473602,0.000498818038161944,0.7081234213102113,1.8965943747509084,0.43170197243070774
translated_guard,7,0.5,8,-0.0008456822759242113,-0.0017438881172756034,0.7086918377620305,1.8901575229588539,0.43123583715398306
translated_guard,7,0.5,9,-0.00044480767240346486,-0.0004681892757332346,0.708397849257049,1.8929259978507398,0.431450416039764
translated_guard,7,0.5,10,0.00015272299591622036,-4.5911730512585354e-05,0.7082403005716043,1.8956937436337917,0.4316262891748432
translated_guard,7,0.5,11,0.000260487449210451,-0.0006422347498744939,0.7083400025590783,1.8955750353565557,0.43159254998055585
translated_guard,7,0.25,0,-6.397007211190011e-05,0.00025571575625825697,0.7082108662777176,1.8951079449060504,0.43160677978882417
translated_guard,7,0.25,1,-5.652404119577618e-05,-0.00015753421116559272,0.7082886393995673,1.8947578944395398,0.43156823349590023
translated_guard,7,0.25,2,-0.00023250454758069186,-0.00010665097371060184,0.7083016686495014,1.8941037611288956,0.43153349418676673
translated_guard,7,0.25,3,0.0002779793452465802,0.00021207334206296808,0.7081748811114534,1.8964295667501536,0.4316796480588857
translated_guard,7,0.25,4,0.0002592197697224166,0.00012445136383254567,0.7081940213876616,1.8962743529199038,0.43166688832319455
translated_guard,7,0.25,5,9.869240865343944e-05,9.266333021419939e-05,0.7082208859069006,1.895605909208561,0.43162759315170074
translated_guard,7,0.25,6,-0.0004165156313279858,0.0004276254843823686,0.7082236596835617,1.8938617527258246,0.4315439943998941
translated_guard,7,0.25,7,0.0001265962114736801,0.000249409019080972,0.7081873943960062,1.895861059350294,0.4316491441027046
translated_guard,7,0.25,8,-0.00042284113796210563,-0.0008719440586378017,0.7084718659258961,1.8926426401185967,0.43141607684175365
translated_guard,7,0.25,9,-0.00022240383620173243,-0.0002340946378666173,0.7083246364263888,1.894026904804501,0.4315233678272855
translated_guard,7,0.25,10,7.636149795811018e-05,-2.2955865256292677e-05,0.7082458119947785,1.8954107475053474,0.43161130268507997
translated_guard,7,0.25,11,0.0001302437246052255,-0.00032111737493724694,0.7082956596735248,1.8953513852710855,0.4315944326294674
translated_guard,23,1.0,0,0.0021699867207380648,-0.002215957293936159,0.7083915775646419,1.901729677215625,0.43186979903615785
translated_guard,23,1.0,1,0.00032589852902934196,-0.0005226362520003154,0.7083087375458119,1.8959453530352974,0.431618940085723
translated_guard,23,1.0,2,-0.0008792737317600035,-0.0011476865054877374,0.7085828053685096,1.8905711160964687,0.43128627063609004
translated_guard,23,1.0,3,-0.0005189988677338094,-0.00019860360415772154,0.7083560815731675,1.8928781213587225,0.43145991836421993
translated_guard,23,1.0,4,0.0003865300173736704,0.0020264577917634054,0.7078145949574722,1.898529715870104,0.4318807838998479
translated_guard,23,1.0,5,0.00019939374488678292,0.0021673043687447818,0.7078121336937916,1.8979140814585025,0.4318523006542926
translated_guard,23,1.0,6,0.00041838593160240716,0.00013127600883792892,0.7081720589848148,1.8969143880404793,0.4317034436996007
translated_guard,23,1.0,7,-0.0002600355441139246,-0.0020259765064386853,0.7086705478701562,1.892231464008716,0.431340507577504
translated_guard,23,1.0,8,-0.001622783526783289,-0.0002581798184721889,0.7085086187197057,1.8884252882293635,0.4312050483845614
translated_guard,23,1.0,9,-0.00021779878046596633,0.0005333596410620472,0.708177859151592,1.8947504294005326,0.43159911185374233
translated_guard,23,1.0,10,0.000275411380319754,-0.0026100373026060443,0.7087129180793509,1.8938277013291431,0.4314044439623433
translated_guard,23,1.0,11,-0.0007617561033214944,-0.0023324842513856173,0.7087929870114201,1.8899515797170803,0.43119750777641697
translated_guard,23,0.5,0,0.0010849933603690324,-0.0011079786469680795,0.7083217755226142,1.898429676622785,0.4317331121137847
translated_guard,23,0.5,1,0.00016294926451467098,-0.0002613181260001577,0.7082800310623415,1.8955365607198302,0.4316076286226656
translated_guard,23,0.5,2,-0.00043963686588000174,-0.0005738432527438687,0.7084172930351385,1.8928495431690537,0.4314412996130286
translated_guard,23,0.5,3,-0.0002594994338669047,-9.930180207886077e-05,0.7083037513710317,1.8940029945017127,0.4315281205719815
translated_guard,23,0.5,4,0.0001932650086868352,0.0010132288958817027,0.7080331047764417,1.8968285491300843,0.4317385395994331
translated_guard,23,0.5,5,9.969687244339146e-05,0.0010836521843723909,0.7080318311424176,1.896520678312731,0.4317242949405498
translated_guard,23,0.5,6,0.00020919296580120358,6.563800441896446e-05,0.7082117206575176,1.8960211059903036,0.4316498820021428
translated_guard,23,0.5,7,-0.0001300177720569623,-0.0010129882532193427,0.7084610440236574,1.8936794055017423,0.43146840043601575
translated_guard,23,0.5,8,-0.0008113917633916445,-0.00012908990923609444,0.7083804151582304,1.8917771613440146,0.43140071862139684
translated_guard,23,0.5,9,-0.00010889939023298316,0.0002666798205310236,0.7082145881058929,1.8949390831846413,0.43159771361655147
translated_guard,23,0.5,10,0.000137705690159877,-0.0013050186513030222,0.7084821453403677,1.8944774018114001,0.4315003616995332
translated_guard,23,0.5,11,-0.0003808780516607472,-0.0011662421256928087,0.7085224781219929,1.892539510337586,0.43139690319611684
translated_guard,23,0.25,0,0.0005424966801845162,-0.0005539893234840398,0.7082866285971388,1.8967789504640116,0.43166472754588425
translated_guard,23,0.25,1,8.147463225733549e-05,-0.00013065906300007885,0.7082656751710262,1.8953321538592822,0.4316019722850199
translated_guard,23,0.25,2,-0.00021981843294000087,-0.00028692162637193434,0.7083343631643999,1.8939886703038795,0.4315188092084484
translated_guard,23,0.25,3,-0.00012974971693345235,-4.9650901039430385e-05,0.7082775473968358,1.8945653831517388,0.4315622189619949
translated_guard,23,0.25,4,9.66325043434176e-05,0.0005066144479408514,0.7081422482695021,1.8959780998063993,0.4316674250404775
translated_guard,23,0.25,5,4.984843622169573e-05,0.0005418260921861954,0.708141600700729,1.895824150997232,0.4316603019521453
translated_guard,23,0.25,6,0.00010459648290060179,3.281900220948223e-05,0.7082315271885165,1.8955744334376752,0.43162309936796023
translated_guard,23,0.25,7,-6.500888602848115e-05,-0.0005064941266096713,0.7083562086114326,1.8944035235776064,0.43153235520876193
translated_guard,23,0.25,8,-0.0004056958816958222,-6.454495461804722e-05,0.7083159780320694,1.8934526123297044,0.4314985262411377
translated_guard,23,0.25,9,-5.444969511649158e-05,0.0001333399102655118,0.7082329527528355,1.8950334111618194,0.4315970145594083
translated_guard,23,0.25,10,6.88528450799385e-05,-0.0006525093256515111,0.708366738322534,1.894802491130971,0.43154833410751214
translated_guard,23,0.25,11,-0.0001904390258303736,-0.0005831210628464043,0.7083869792952858,1.8938335877469143,0.4314966072543117
translated_guard,101,1.0,0,-0.0005744671730602266,-0.0006425063866153,0.7084476827758168,1.8922493864118484,0.43140420100252325
translated_guard,101,1.0,1,0.0022162220245147317,-0.0009834284993530751,0.7081498137515281,1.9030453719164224,0.4320001488909808
translated_guard,101,1.0,2,-0.0014445049905780474,0.0006051284964221833,0.7083218748989225,1.889929039852524,0.4313293205713932
translated_guard,101,1.0,3,0.0001565176789378861,0.0013809837488287667,0.7079677399254631,1.8970202931355042,0.4317660595840167
translated_guard,101,1.0,4,-0.0003680628444864771,0.0029816691459756328,0.7077306709927613,1.896403154954025,0.43180362953170265
translated_guard,101,1.0,5,0.0006235233388976172,0.005176662212036928,0.7071814760447834,1.9023724196248213,0.43224112296944445
translated_guard,101,1.0,6,0.0005924158040271845,0.0005607752453717935,0.7080674814619643,1.8980019766274043,0.4317844941003342
translated_guard,101,1.0,7,0.0014538514288378128,0.0018162912784177902,0.7077147152623832,1.902585122645336,0.43210092624691754
translated_guard,101,1.0,8,-0.0007550845995850984,0.0016804309611846617,0.7080287733228725,1.893664605478479,0.4315895883026065
translated_guard,101,1.0,9,-0.0006548733155877977,0.0025299797495304736,0.7078539910374351,1.8948451135359035,0.4316949313249251
translated_guard,101,1.0,10,-0.0005625617356651794,0.0007761139160847506,0.7081761358490929,1.8936002587087062,0.4315449739405127
translated_guard,101,1.0,11,-0.0007711253575428706,0.000723905757973337,0.7082129385492705,1.892721399013862,0.4314928374459305
translated_guard,101,0.5,0,-0.0002872335865301133,-0.00032125319330765,0.7083495912737235,1.893688620491238,0.4315002615209305
translated_guard,101,0.5,1,0.0011081110122573659,-0.0004917142496765376,0.708201125944979,1.8990877470267664,0.43179829967306743
translated_guard,101,0.5,2,-0.0007222524952890237,0.00030256424821109167,0.7082868393662377,1.8925288990245068,0.4314628468922344
translated_guard,101,0.5,3,7.825883946894304e-05,0.0006904918744143833,0.7081095767179654,1.8960739238246196,0.43168118231533303
translated_guard,101,0.5,4,-0.00018403142224323856,0.0014908345729878164,0.7079910208584932,1.895765041823221,0.4316999495685588
translated_guard,101,0.5,5,0.0003117616694488086,0.002588331106018464,0.7077170972231944,1.8987487870441904,0.43191864604876
translated_guard,101,0.5,6,0.00029620790201359223,0.00028038762268589677,0.7081594890697345,1.8965649261017734,0.4316904086646235
translated_guard,101,0.5,7,0.0007269257144189064,0.0009081456392088951,0.7079836340609458,1.898856762127587,0.43184863963296827
translated_guard,101,0.5,8,-0.0003775422997925492,0.0008402154805923309,0.7081400474508366,1.8943961841487216,0.4315929525729525
translated_guard,101,0.5,9,-0.00032743665779389885,0.0012649898747652368,0.708052641911024,1.8949862257548966,0.43164561205429314
translated_guard,101,0.5,10,-0.0002812808678325897,0.0003880569580423753,0.7082137413505956,1.894364051837795,0.4315706477179878
translated_guard,101,0.5,11,-0.0003855626787714353,0.0003619528789866685,0.7082321730419339,1.8939246963334548,0.431544583680861
translated_guard,101,0.25,0,-0.00014361679326505664,-0.000160626596653825,0.7083004771731024,1.8944081945123088,0.4315482893439226
translated_guard,101,0.25,1,0.0005540555061286829,-0.0002458571248382688,0.7082263619392646,1.8971080414779242,0.43169732448624154
translated_guard,101,0.25,2,-0.00036112624764451186,0.00015128212410554583,0.7082691391924874,1.893828446665755,0.43152958842253025
translated_guard,101,0.25,3,3.912941973447152e-05,0.0003452459372071917,0.7081804591120143,1.8956008086737874,0.4316387476171454
translated_guard,101,0.25,4,-9.201571112161928e-05,0.0007454172864939082,0.7081211758241078,1.8954462894627968,0.4316481268145878
translated_guard,101,0.25,5,0.0001558808347244043,0.001294165553009232,0.7079843823123155,1.8969379402156343,0.43175746249054486
translated_guard,101,0.25,6,0.00014810395100679611,0.00014019381134294838,0.7082054256899308,1.8958463499499676,0.43164336306484546
translated_guard,101,0.25,7,0.0003634628572094532,0.00045407281960444754,0.7081176302439555,1.8969923337572416,0.4317224822750552
translated_guard,101,0.25,8,-0.0001887711498962746,0.00042010774029616543,0.7081956829899716,1.894761964874257,0.4315946342205512
translated_guard,101,0.25,9,-0.00016371832889694942,0.0006324949373826184,0.7081519766194695,1.8950569325858397,0.4316209609545671
translated_guard,101,0.25,10,-0.00014064043391629486,0.00019402847902118766,0.7082325330981857,1.8947459089852874,0.43158348237447636
translated_guard,101,0.25,11,-0.00019278133938571766,0.00018097643949333426,0.7082417565261183,1.894526249812399,0.4315704514080866
ood_low_gravity,7,1.0,0,-0.00025588028844760044,0.0010228630250330279,0.11553741406613062,0.14537771934291738,0.8015487474262164
ood_low_gravity,7,1.0,1,-0.0002260961647831047,-0.0006301368446623709,0.11569192099306409,0.14394594554254275,0.8006225559652809
ood_low_gravity,7,1.0,2,-0.0009300181903227674,-0.0004266038948424074,0.11563546563681883,0.1429448170201742,0.8002353534557238
ood_low_gravity,7,1.0,3,0.0011119173809863209,0.0008482933682518723,0.11562299462622902,0.14751886741227632,0.8024268196798594
ood_low_gravity,7,1.0,4,0.0010368790788896664,0.0004978054553301827,0.11565219404541227,0.14707847129054225,0.8021721940167905
ood_low_gravity,7,1.0,5,0.00039476963461375776,0.00037065332085679754,0.1156315704719738,0.14588603904697933,0.8016402013798914
ood_low_gravity,7,1.0,6,-0.0016660625253119433,0.0017105019375294743,0.11539987581596604,0.1436231732098293,0.8009335457989433
ood_low_gravity,7,1.0,7,0.0005063848458947204,0.000997636076323888,0.11557868353095467,0.1466359496840725,0.8020795597779559
ood_low_gravity,7,1.0,8,-0.0016913645518484225,-0.0034877762345512067,0.11586984109194952,0.1389270630409541,0.7979385115944684
ood_low_gravity,7,1.0,9,-0.0008896153448069297,-0.0009363785514664692,0.11568430125497854,0.14255626324524107,0.7999722830553773
ood_low_gravity,7,1.0,10,0.0003054459918324407,-9.182346102517071e-05,0.11567000489088426,0.14532139493665824,0.8013112279179213
ood_low_gravity,7,1.0,11,0.000520974898420902,-0.0012844694997489877,0.11579184520120692,0.14461531139791978,0.8007821626747692
ood_low_gravity,7,0.5,0,-0.00012794014422380022,0.0005114315125165139,0.11559152051295954,0.14513397947921336,0.8013470087951664
ood_low_gravity,7,0.5,1,-0.00011304808239155235,-0.00031506842233118543,0.11566882811588321,0.14441816516829908,0.8008839439669009
ood_low_gravity,7,0.5,2,-0.0004650090951613837,-0.0002133019474212037,0.1156408124618877,0.1439177650545876,0.8006904125918468
ood_low_gravity,7,0.5,3,0.0005559586904931604,0.00042414668412593616,0.11563481085574616,0.1462047735655061,0.8017861386008356
ood_low_gravity,7,0.5,4,0.0005184395394448332,0.00024890272766509133,0.11564925050711446,0.1459846174215061,0.8016588436138593
ood_low_gravity,7,0.5,5,0.00019738481730687888,0.00018532666042839877,0.11563865994333278,0.14538826358254853,0.801392788667408
ood_low_gravity,7,0.5,6,-0.0008330312626559717,0.0008552509687647372,0.115522802130238,0.14425699200331593,0.8010395295612006
ood_low_gravity,7,0.5,7,0.0002531924229473602,0.000498818038161944,0.11561237074350185,0.1457631180893849,0.8016124249495776
ood_low_gravity,7,0.5,8,-0.0008456822759242113,-0.0017438881172756034,0.11576038053992262,0.14190756924908526,0.7995414302240577
ood_low_gravity,7,0.5,9,-0.00044480767240346486,-0.0004681892757332346,0.1156653576746485,0.14372337622733727,0.8005588297374446
ood_low_gravity,7,0.5,10,0.00015272299591622036,-4.5911730512585354e-05,0.11565781616957245,0.1451059510155897,0.8012283059756744
ood_low_gravity,7,0.5,11,0.000260487449210451,-0.0006422347498744939,0.11571871710108292,0.14475274242495967,0.8009637023361074
ood_low_gravity,7,0.25,0,-6.397007211190011e-05,0.00025571575625825697,0.11561856432367323,0.14501219804017734,0.8012461771521897
ood_low_gravity,7,0.25,1,-5.652404119577618e-05,-0.00015753421116559272,0.11565723167202002,0.14465430902751153,0.8010146524616804
ood_low_gravity,7,0.25,2,-0.00023250454758069186,-0.00010665097371060184,0.11564327682095543,0.14440414998951379,0.8009179042364173
ood_low_gravity,7,0.25,3,0.0002779793452465802,0.00021207334206296808,0.11564033454746835,0.14554765010718435,0.801465765479401
ood_low_gravity,7,0.25,4,0.0002592197697224166,0.00012445136383254567,0.11564751436349875,0.14543758252010552,0.8014021224494807
ood_low_gravity,7,0.25,5,9.869240865343944e-05,9.266333021419939e-05,0.11564214935358871,0.14513937114918635,0.8012690803098267
ood_low_gravity,7,0.25,6,-0.0004165156313279858,0.0004276254843823686,0.11558421780461761,0.1445737756478575,0.8010924679079735
ood_low_gravity,7,0.25,7,0.0001265962114736801,0.000249409019080972,0.11562904330214036,0.14532677319277515,0.8013788877187576
ood_low_gravity,7,0.25,8,-0.00042284113796210563,-0.0008719440586378017,0.11570365677688145,0.14339872267445875,0.8003432728173997
ood_low_gravity,7,0.25,9,-0.00022240383620173243,-0.0002340946378666173,0.11565558130174752,0.14430692760675135,0.8008521009023889
ood_low_gravity,7,0.25,10,7.636149795811018e-05,-2.2955865256292677e-05,0.11565171222093248,0.14499821723815687,0.8011868399739428
ood_low_gravity,7,0.25,11,0.0001302437246052255,-0.00032111737493724694,0.11568215788613029,0.14482157122266343,0.8010545203933341
ood_low_gravity,23,1.0,0,0.0021699867207380648,-0.002215957293936159,0.11596377895730316,0.14654973594562049,0.8014272265488929
ood_low_gravity,23,1.0,1,0.00032589852902934196,-0.0005226362520003154,0.1157110537863702,0.14496975490723824,0.8010789989756655
ood_low_gravity,23,1.0,2,-0.0008792737317600035,-0.0011476865054877374,0.11570416926550699,0.14238450799734398,0.7998586841506491
ood_low_gravity,23,1.0,3,-0.0005189988677338094,-0.00019860360415772154,0.11563658671616577,0.14384017281607386,0.8006601963363997
ood_low_gravity,23,1.0,4,0.0003865300173736704,0.0020264577917634054,0.1154761975004343,0.1473583471507119,0.8025841861034506
ood_low_gravity,23,1.0,5,0.00019939374488678292,0.0021673043687447818,0.11545365794137524,0.14717046532404565,0.8025311844572077
ood_low_gravity,23,1.0,6,0.00041838593160240716,0.00013127600883792892,0.11565508230864201,0.14571109477705468,0.8015198675951605
ood_low_gravity,23,1.0,7,-0.0002600355441139246,-0.0020259765064386853,0.11581825978356378,0.14263979881815608,0.7997991100001102
ood_low_gravity,23,1.0,8,-0.001622783526783289,-0.0002581798184721889,0.11558226595235692,0.14193033440070207,0.7998357400946742
ood_low_gravity,23,1.0,9,-0.00021779878046596633,0.0005333596410620472,0.11558481470996483,0.14500261756282135,0.8012952871014472
ood_low_gravity,23,1.0,10,0.000275411380319754,-0.0026100373026060443,0.11590086737926726,0.14301738739831082,0.7998479653521235
ood_low_gravity,23,1.0,11,-0.0007617561033214944,-0.0023324842513856173,0.11581857531436877,0.14152241911443114,0.7992647088979599
ood_low_gravity,23,0.5,0,0.0010849933603690324,-0.0011079786469680795,0.11580480011672792,0.14572039491135086,0.8012864216774012
ood_low_gravity,23,0.5,1,0.00016294926451467098,-0.0002613181260001577,0.11567832521884684,0.14493010217217756,0.8011121792317912
ood_low_gravity,23,0.5,2,-0.00043963686588000174,-0.0005738432527438687,0.11567535460573254,0.14363743475819502,0.8005020031053471
ood_low_gravity,23,0.5,3,-0.0002594994338669047,-9.930180207886077e-05,0.11564117526792844,0.14436536382788495,0.8009028003477862
ood_low_gravity,23,0.5,4,0.0001932650086868352,0.0010132288958817027,0.11556135240176024,0.14612389097390666,0.8018645568229261
ood_low_gravity,23,0.5,5,9.969687244339146e-05,0.0010836521843723909,0.11555001245276161,0.1460298621986676,0.801838018595843
ood_low_gravity,23,0.5,6,0.00020919296580120358,6.563800441896446e-05,0.11565039135770268,0.1453008122453791,0.8013326306289348
ood_low_gravity,23,0.5,7,-0.0001300177720569623,-0.0010129882532193427,0.11573230451368002,0.14376460807197528,0.8004720150523741
ood_low_gravity,23,0.5,8,-0.0008113917633916445,-0.00012908990923609444,0.11561456986980674,0.14341084687599615,0.8004907434724734
ood_low_gravity,23,0.5,9,-0.00010889939023298316,0.0002666798205310236,0.1156152071411507,0.14494652062546703,0.8012203178138383
ood_low_gravity,23,0.5,10,0.000137705690159877,-0.0013050186513030222,0.1157734744016437,0.14395308183497285,0.8004963062758138
ood_low_gravity,23,0.5,11,-0.0003808780516607472,-0.0011662421256928087,0.11573293540953945,0.14320580789175075,0.8002047675330732
ood_low_gravity,23,0.25,0,0.0005424966801845162,-0.0005539893234840398,0.11572522846851988,0.14530550763670397,0.8012159269651495
ood_low_gravity,23,0.25,1,8.147463225733549e-05,-0.00013065906300007885,0.11566196289517999,0.14491028560778557,0.8011287735331782
ood_low_gravity,23,0.25,2,-0.00021981843294000087,-0.00028692162637193434,0.11566059551641034,0.14426394091893058,0.8008236807948332
ood_low_gravity,23,0.25,3,-0.00012974971693345235,-4.9650901039430385e-05,0.11564340881128302,0.14462792960856696,0.8010240896990631
ood_low_gravity,23,0.25,4,9.66325043434176e-05,0.0005066144479408514,0.1156035901714437,0.14550705315814022,0.8015049083268257
ood_low_gravity,23,0.25,5,4.984843622169573e-05,0.0005418260921861954,0.11559790264137375,0.14546001681995707,0.8014916298686424
ood_low_gravity,23,0.25,6,0.00010459648290060179,3.281900220948223e-05,0.11564800893650894,0.14509565068141367,0.8012390035046437
ood_low_gravity,23,0.25,7,-6.500888602848115e-05,-0.0005064941266096713,0.11568904675358073,0.1443274095555091,0.8008086365255577
ood_low_gravity,23,0.25,8,-0.0004056958816958222,-6.454495461804722e-05,0.11563024472115425,0.14415077158921835,0.8008181040270925
ood_low_gravity,23,0.25,9,-5.444969511649158e-05,0.0001333399102655118,0.1156304042210862,0.1449184916175436,0.8011828414547311
ood_low_gravity,23,0.25,10,6.88528450799385e-05,-0.0006525093256515111,0.1157095982726213,0.14442156623634145,0.8008207479948056
ood_low_gravity,23,0.25,11,-0.0001904390258303736,-0.0005831210628464043,0.11568948059110233,0.1440479819335791,0.8006750010452526
ood_low_gravity,101,1.0,0,-0.0005744671730602266,-0.0006425063866153,0.11567443871303235,0.14334927889988064,0.8003661775333776
ood_low_gravity,101,1.0,1,0.0022162220245147317,-0.0009834284993530751,0.11585027372755709,0.14773016310616688,0.8021658664459166
ood_low_gravity,101,1.0,2,-0.0014445049905780474,0.0006051284964221833,0.1155131647366388,0.1430041012573336,0.8004582414136755
ood_low_gravity,101,1.0,3,0.0001565176789378861,0.0013809837488287667,0.11552514438756899,0.14639221216517379,0.8020492357820974
ood_low_gravity,101,1.0,4,-0.0003680628444864771,0.0029816691459756328,0.11534895711938871,0.14694875159918025,0.8025928066048826
ood_low_gravity,101,1.0,5,0.0006235233388976172,0.005176662212036928,0.11518888309840591,0.15059177987240435,0.8045641881089064
ood_low_gravity,101,1.0,6,0.0005924158040271845,0.0005607752453717935,0.11562389849266486,0.1463885418169672,0.8018905452011003
ood_low_gravity,101,1.0,7,0.0014538514288378128,0.0018162912784177902,0.11554824929088059,0.1489619161172348,0.8032265845860038
ood_low_gravity,101,1.0,8,-0.0007550845995850984,0.0016804309611846617,0.1154505462959568,0.14512867866361867,0.8015686984232234
ood_low_gravity,101,1.0,9,-0.0006548733155877977,0.0025299797495304736,0.11537670529694201,0.1460604136554295,0.8021280989964744
ood_low_gravity,101,1.0,10,-0.0005625617356651794,0.0007761139160847506,0.11554433167384515,0.14464078949181175,0.8011877568131333
ood_low_gravity,101,1.0,11,-0.0007711253575428706,0.000723905757973337,0.11553818830851956,0.1442432752960186,0.801008528261859
ood_low_gravity,101,0.5,0,-0.0002872335865301133,-0.00032125319330765,0.11566019745471298,0.14411987352085892,0.8007557724920692
ood_low_gravity,101,0.5,1,0.0011081110122573659,-0.0004917142496765376,0.11574847488232762,0.1463110946051271,0.8016559485707845
ood_low_gravity,101,0.5,2,-0.0007222524952890237,0.00030256424821109167,0.11557962233840803,0.14394762397217264,0.8008019488649927
ood_low_gravity,101,0.5,3,7.825883946894304e-05,0.0006904918744143833,0.11558553949728129,0.14564109749731968,0.8015971983145195
ood_low_gravity,101,0.5,4,-0.00018403142224323856,0.0014908345729878164,0.11549756659589251,0.1459185131742458,0.8018686201498895
ood_low_gravity,101,0.5,5,0.0003117616694488086,0.002588331106018464,0.11541964715692025,0.14773767046131997,0.8028533075602505
ood_low_gravity,101,0.5,6,0.00029620790201359223,0.00028038762268589677,0.11563491723098822,0.14563952209952258,0.8015179636141896
ood_low_gravity,101,0.5,7,0.0007269257144189064,0.0009081456392088951,0.11559816344315928,0.14692608180485828,0.8021859290517251
ood_low_gravity,101,0.5,8,-0.0003775422997925492,0.0008402154805923309,0.11554805564264231,0.14500933916578246,0.8013569332192632
ood_low_gravity,101,0.5,9,-0.00032743665779389885,0.0012649898747652368,0.11551122349556897,0.14547472850507465,0.8016364299483691
ood_low_gravity,101,0.5,10,-0.0002812808678325897,0.0003880569580423753,0.11559496335543255,0.14476561932421622,0.8011665580908197
ood_low_gravity,101,0.5,11,-0.0003855626787714353,0.0003619528789866685,0.11559191494153262,0.14456692344307348,0.8010769698759547
ood_low_gravity,101,0.25,0,-0.00014361679326505664,-0.000160626596653825,0.11565294395693754,0.1445051736212533,0.8009505711591142
ood_low_gravity,101,0.25,1,0.0005540555061286829,-0.0002458571248382688,0.11569717288040171,0.14560097918243836,0.8014007422206306
ood_low_gravity,101,0.25,2,-0.00036112624764451186,0.00015128212410554583,0.1156126717997634,0.14441913358739122,0.8009736954207062
ood_low_gravity,101,0.25,3,3.912941973447152e-05,0.0003452459372071917,0.11561561223633776,0.1452657249423786,0.8013712582435598
ood_low_gravity,101,0.25,4,-9.201571112161928e-05,0.0007454172864939082,0.11557165574087101,0.14540421936763587,0.8015068783084539
ood_low_gravity,101,0.25,5,0.0001558808347244043,0.001294165553009232,0.11553322341922392,0.1463132085374973,0.8019989710669866
ood_low_gravity,101,0.25,6,0.00014810395100679611,0.00014019381134294838,0.1156403013182734,0.14526500219146815,0.8013316685426022
ood_low_gravity,101,0.25,7,0.0003634628572094532,0.00045407281960444754,0.11562219207380706,0.1459082501579903,0.801665637687021
ood_low_gravity,101,0.25,8,-0.0001887711498962746,0.00042010774029616543,0.11559682413998464,0.14494984791592486,0.801251126606666
ood_low_gravity,101,0.25,9,-0.00016371832889694942,0.0006324949373826184,0.11557843005893836,0.14518242310479684,0.8013908241066918
ood_low_gravity,101,0.25,10,-0.00014064043391629486,0.00019402847902118766,0.11562028176200952,0.14482804415072437,0.8011559629486096
ood_low_gravity,101,0.25,11,-0.00019278133938571766,0.00018097643949333426,0.11561876336892876,0.14472871150699845,0.8011111753532442
